indicator ,survey,lib,AGE,RB090,ARPTXX,CHD,EQ_INC20,EQ_INC20eur,EQ_INC20ppp,EQ_INC22,EQ_INC23,EQ_SS,PPP,RATE,HT,HT1,ACTSTA,INCPEN,INCWRK,MAININC,MEAN20,MEDIAN20,MORTGAGE,N_ADU,N_DCH,PE40,PL31,QITILE,TENSTA,TENSTA_2,OVERCROWDED,DEPRIVED,Sev_dep,Ext_dep,LWI,WORK_INT,AROPE,C_BIRTH,CIT_SHIP,DEP_RELIABILITY,HHSIZE,HY20,RES_WGT,Hhisced,HS120,DB100,weight,description
ilc_caindformal,SILC,?,,,,,,,,,,,,,,,,,,,,,,,,,,,,,,,,,,,,,,,,,,,,,,Formal childcare by age group and duration - % over the population of each age group - EU-SILC survey (ilc_caindformal) 
ilc_camnforall,SILC,?,,,,,,,,,,,,,,,,,,,,,,,,,,,,,,,,,,,,,,,,,,,,,,Average number of weekly hours of formal care by age group - children with or without formal care - EU-SILC survey (ilc_camnforall)
ilc_camnforg0,SILC,?,,,,,,,,,,,,,,,,,,,,,,,,,,,,,,,,,,,,,,,,,,,,,,Average number of weekly hours of formal care by age group - children with at least 1 hour of formal care - EU-SILC survey (ilc_camnforg0) 
ilc_camnforg0,SILC,?,,,,,,,,,,,,,,,,,,,,,,,,,,,,,,,,,,,,,,,,,,,,,,Median number of weekly hours of formal care by age group - children with at least 1 hour of formal care - EU-SILC survey (ilc_camdforg0) 
ilc_caindother,SILC,?,,,,,,,,,,,,,,,,,,,,,,,,,,,,,,,,,,,,,,,,,,,,,,Other types of childcare by age group and duration - % over the population of each age group - EU-SILC survey (ilc_caindother) 
ilc_camnothall,SILC,?,,,,,,,,,,,,,,,,,,,,,,,,,,,,,,,,,,,,,,,,,,,,,,Average number of weekly hours of other types of care by age group - children with or without other types of care - EU-SILC survey (ilc_camnothall) 
ilc_camnothg0,SILC,?,,,,,,,,,,,,,,,,,,,,,,,,,,,,,,,,,,,,,,,,,,,,,,Average number of weekly hours of other types of care by age group - children with at least one hour of other types of care - EU-SILC survey (ilc_camnothg0) 
ilc_camnothg0,SILC,?,,,,,,,,,,,,,,,,,,,,,,,,,,,,,,,,,,,,,,,,,,,,,,Median number of weekly hours of other types of care by age group - children with at least one hour of other types of care - EU-SILC survey (ilc_camdothg0) 
ilc_caparents,SILC,?,,,,,,,,,,,,,,,,,,,,,,,,,,,,,,,,,,,,,,,,,,,,,,Children cared only by their parents by age group - % over the population of each age group - EU-SILC survey (ilc_caparents) 
di01,ECHP-SILC,RDB,,,,,1,,,,,,1,1,,,,,,,,,,,,,,,,,,,,,,,,,,,,,,,,,RB050a,Distribution of income by quantiles
di02,ECHP-SILC,RDB,,,1,,,,,,,,,,,,,,,,,,,,,,,,,,,,,,,,,,,,,,,,,,RB050a,Distribution of income by different income groups
di03,ECHP-SILC,RDB,1,1,,,1,,,,,,1,1,,,,,,,,,,,,,,,,,,,,,,,,,,,,,,,,,RB050a,Mean and median income by age and gender
di04,ECHP-SILC,RDB,1,1,,,1,,,,,,1,1,1,,,,,,,,,,,,,,,,,,,,,,,,,,,,,,,,RB050a,Mean and median income by household type
di05,ECHP-SILC,RDB,1,1,,,1,,,,,,1,1,,,1,,,,,,,,,,,,,,,,,,,,,,,,,,,,,,PE040,Mean and median income by most frequent activity status
di06,ECHP,,,,,,,,,,,,,,,,,,,,,,,,,,,,,,,,,,,,,,,,,,,,,,,Mean and median income by main source of income - ECHP survey
di07,SILC,RDB,1,1,,,1,,,,,,1,1,,,,,,,,,,,1,,,,,,,,,,,1,,,,,,,,,,,,Mean and median income by work intensity
di07h,ECHP,,,,,,,,,,,,,,,,,,,,,,,,,,,,,,,,,,,,,,,,,,,,,,,Mean and median income by work intensity of the household - ECHP survey
di08,SILC,RDB,1,1,,,1,,,,,,1,1,,,,,,,,,,,,1,,,,,,,,,,,,,,,,,,,,,,Mean and median income by education level
di09,ECHP-SILC,RDB,1,1,,,1,,,,,,1,1,,,,,,,,,,,,,,,1,,,,,,,,,,,,,,,,,,RB050a,Mean and median income by tenure status
di10,ECHP-SILC,RDB,,,,,1,1,1,,,,,,,,,,,,,,,,,,,,,,,,,,,,,,,,,,,,1,,RB050a,Mean and median by making ends meet
di11,ECHP-SILC,RDB,1,1,,,1,,,,,,,,,,,,,,,,,,,,,1,,,,,,,,,,,,,,,,,,,RB050a,S80/S20 income quintile share ratio by gender and selected age group
di12,ECHP-SILC,RDB,,,,,1,,,,,,,,,,,,,,,,,,,,,,,,,,,,,,,,,,,,,,,,RB050a,Gini coefficient of equivalised disposable income - EU-SILC survey 
di12b,SILC,RDB,,,,,,,,,1,,,,,,,,,,,,,,,,,,,,,,,,,,,,,,,,,,,,RB050a,Gini coefficient of equivalised disposable income before social transfers (pensions included in social transfers)
di12c,SILC,RDB,,,,,,,,1,,,,,,,,,,,,,,,,,,,,,,,,,,,,,,,,,,,,,RB050a,Gini coefficient of equivalised disposable income before social transfers (pensions excluded from social transfers)
di13,SILC,RDB,1,1,,,,,,,1,,1,1,,,,,,,,,,,,,,,,,,,,,,,,,,,,,,,,,RB050a,Mean and median income before social transfers only (pension excluded) by age and gender
di13b,SILC,RDB,,,,,,,,,1,,1,1,,1,,,,,,,,,,,,,,,,,,,,,,,,,,,,,,,RB050a,Mean and median income before social transfers only (pension excluded) by household type
di14,SILC,RDB,1,1,,,,,,1,,,1,1,,,,,,,,,,,,,,,,,,,,,,,,,,,,,,,,,RB050a,Mean and median income before social transfers and pensions by age and gender
di14b,SILC,RDB,,,,,,,,1,,,1,1,,1,,,,,,,,,,,,,,,,,,,,,,,,,,,,,,,RB050a,Mean and median income before social transfers and pensions by household type
di15,SILC,RDB,1,1,,,1,,,,,,1,1,,,,,,,,,,,,,,,,,,,,,,,,,1,,,,,,,,RB050a,Median income by age and gender and citizen
di16,SILC,RDB,1,1,,,1,,,,,,1,1,,,,,,,,,,,,,,,,,,,,,,,,1,,,,,,,,,RB050a,Median income by age and gender and c_birth
di17,SILC,RDB,1,1,,,1,,,,,,1,1,,,,,,,,,,,,,,,,,,,,,,,,,,,,,,,,1,RB050a,Mean and median income by deg_urb status
di20,SILC,RDB,,,,,,,,,,,,,,,,,,,,,,,,,,,,,,,,,,,,,,,,,,,,,,Share of people by age and sex having income equal or more of specific cut-off point of Median and Mean income
di23,SILC,RDB,,,,,,,,,,,,,,,,,,,,,,,,,,,,,,,,,,,,,,,,,,,,,,Share of people by degree of urbanisation having income equal or more of specific cut-off point of Median and M
di27,SILC,RDB,,,,,,,,,,,,,,,,,,,,,,,,,,,,,,,,,,,,,,,,,,,,,,Share of people by education level having income equal or more of specific cut-off point of Median
di30a,SILC,LDB,,,,,,,,,,,,,,,,,,,,,,,,,,,,,,,,,,,,,,,,,,,,,,Transitions of income within two years by decile
di30b,SILC,LDB,,,,,,,,,,,,,,,,,,,,,,,,,,,,,,,,,,,,,,,,,,,,,,Transitions of income within three years by decile
di30c,SILC,LDB,,,,,,,,,,,,,,,,,,,,,,,,,,,,,,,,,,,,,,,,,,,,,,Reports in rtf-format
e_mddd11,SILC,EDB,,,,,,,,,,,,,,,,,,,,,,,,,,,,,,,,,,,,,,,,,,,,,,Severe material deprivation rate by age and gender
e_mddd13,SILC,EDB,,,,,,,,,,,,,,,,,,,,,,,,,,,,,,,,,,,,,,,,,,,,,,Severe material deprivation rate by income quintile and household type
e_mddu01,SILC,EDB,,,,,,,,,,,,,,,,,,,,,,,,,,,,,,,,,,,,,,,,,,,,,,Capacity to afford paying for one week annual holiday away from home
e_mddu02,SILC,EDB,,,,,,,,,,,,,,,,,,,,,,,,,,,,,,,,,,,,,,,,,,,,,,Capacity to afford a meal with meat
e_mddu03,SILC,EDB,,,,,,,,,,,,,,,,,,,,,,,,,,,,,,,,,,,,,,,,,,,,,,Capacity fo face unexpected financial expenses
e_mddu04,SILC,EDB,,,,,,,,,,,,,,,,,,,,,,,,,,,,,,,,,,,,,,,,,,,,,,Arrears (mortgage or rent
e_mddu05,SILC,EDB,,,,,,,,,,,,,,,,,,,,,,,,,,,,,,,,,,,,,,,,,,,,,,Ability to make ends meet
e_mdes01,SILC,EDB,,,,,,,,,,,,,,,,,,,,,,,,,,,,,,,,,,,,,,,,,,,,,,Enforced lack of a telephone
e_mdes02,SILC,EDB,,,,,,,,,,,,,,,,,,,,,,,,,,,,,,,,,,,,,,,,,,,,,,Enforced lack of a colour TV
e_mdes03,SILC,EDB,,,,,,,,,,,,,,,,,,,,,,,,,,,,,,,,,,,,,,,,,,,,,,Enforced lack of a computer
e_mdes04,SILC,EDB,,,,,,,,,,,,,,,,,,,,,,,,,,,,,,,,,,,,,,,,,,,,,,Enforced lack of a washing machine
e_mdes05,SILC,EDB,,,,,,,,,,,,,,,,,,,,,,,,,,,,,,,,,,,,,,,,,,,,,,Enforced lack of a personal car
e_mdes09,SILC,EDB,,,,,,,,,,,,,,,,,,,,,,,,,,,,,,,,,,,,,,,,,,,,,,Ability to keep home adequately warm
hcmh01,SILC,RDB2,,,,,,,,,,,,,,,,,,,,,,,,,,,,,,,,,,,,,,,,,,,,,,Average size of dwelling in square meters by quintile and tenure status
hcmh02,SILC,RDB2,,,,,,,,,,,,,,,,,,,,,,,,,,,,,,,,,,,,,,,,,,,,,,Average size of dwelling in square meters by household type and degree of urbanisation
hcmp03,SILC,RDB2,,,,,,,,,,,,,,,,,,,,,,,,,,,,,,,,,,,,,,,,,,,,,,Share of population living in a dwelling not comfortably cool during summer time by quintile and degree of urbanisation
hcmp04,SILC,RDB2,,,,,,,,,,,,,,,,,,,,,,,,,,,,,,,,,,,,,,,,,,,,,,Overall satisfaction with dwelling by household type
hcmp05,SILC,RDB2,,,,,,,,,,,,,,,,,,,,,,,,,,,,,,,,,,,,,,,,,,,,,,Share of population moving in other dwelling */
hcmp06,SILC,RDB2,,,,,,,,,,,,,,,,,,,,,,,,,,,,,,,,,,,,,,,,,,,,,,Share of population reporting great or some difficulty in accessing primary health care and public transport services by degree of urbanization*/
igtp01,SILC,RDB2,,,,,,,,,,,,,,,,,,,,,,,,,,,,,,,,,,,,,,,,,,,,,,Transmission of education  parents to current adults
igtp02,SILC,RDB2,,,,,,,,,,,,,,,,,,,,,,,,,,,,,,,,,,,,,,,,,,,,,,Transmission of ability to make ends meet from parents to current adults
iw01,SILC,RDB,,,,,,,,,,,,,,,,,,,,,,,,,,,,,,,,,,,,,,,,,,,,,,In-work at risk of poverty rates by age and gender
iw02,SILC,RDB,,,,,,,,,,,,,,,,,,,,,,,,,,,,,,,,,,,,,,,,,,,,,,In-work at risk of poverty rates by household type
iw03,SILC,RDB,,,,,,,,,,,,,,,,,,,,,,,,,,,,,,,,,,,,,,,,,,,,,,In-work at risk of poverty rates by work intensity of the household
iw04,SILC,RDB,,,,,,,,,,,,,,,,,,,,,,,,,,,,,,,,,,,,,,,,,,,,,,In-work at risk of poverty rates by education level
iw05,SILC,RDB,,,,,,,,,,,,,,,,,,,,,,,,,,,,,,,,,,,,,,,,,,,,,,In-work at risk of poverty rates by type of contract
iw06,SILC,RDB,,,,,,,,,,,,,,,,,,,,,,,,,,,,,,,,,,,,,,,,,,,,,,In-work at risk of poverty rates by months worked
iw07,SILC,RDB,,,,,,,,,,,,,,,,,,,,,,,,,,,,,,,,,,,,,,,,,,,,,,In-work at risk of poverty rates by full-/part-time work
iw15,SILC,RDB,,,,,,,,,,,,,,,,,,,,,,,,,,,,,,,,,,,,,,,,,,,,,,In-work at risk of poverty rates by age sex and citizen
iw16,SILC,RDB,,,,,,,,,,,,,,,,,,,,,,,,,,,,,,,,,,,,,,,,,,,,,,In-work at risk of poverty rates by age sex and c-birth
li01,ECHP-SILC,RDB,,,,,,,,,,,,,,,,,,,,,,,,,,,,,,,,,,,,,,,,,,,,,,At risk of poverty thresholds
li02,ECHP-SILC,RDB,,,,,,,,,,,,,,,,,,,,,,,,,,,,,,,,,,,,,,,,,,,,,,At risk of poverty rates by age and gender
li03,ECHP-SILC,RDB,,,,,,,,,,,,,,,,,,,,,,,,,,,,,,,,,,,,,,,,,,,,,,At risk of poverty rates by household type
li04,ECHP-SILC,RDB,,,,,,,,,,,,,,,,,,,,,,,,,,,,,,,,,,,,,,,,,,,,,,At risk of poverty rates by most frequent activity in the previous year (persons over 16 years)
li05,ECHP,,,,,,,,,,,,,,,,,,,,,,,,,,,,,,,,,,,,,,,,,,,,,,,At-risk-of-poverty rate by poverty threshold and main source of income - ECHP survey
li06,SILC,RDB,,,,,,,,,,,,,,,,,,,,,,,,,,,,,,,,,,,,,,,,,,,,,,At risk of poverty rates by work intensity of the household
li06h,ECHP,,,,,,,,,,,,,,,,,,,,,,,,,,,,,,,,,,,,,,,,,,,,,,,At-risk-of-poverty rate by poverty threshold and work intensity of the household - ECHP survey
li07,SILC,RDB,,,,,,,,,,,,,,,,,,,,,,,,,,,,,,,,,,,,,,,,,,,,,,At risk of poverty rates by education level
li08,ECHP-SILC,RDB,,,,,,,,,,,,,,,,,,,,,,,,,,,,,,,,,,,,,,,,,,,,,,At risk of poverty rates by tenure status
li09,ECHP-SILC,RDB,,,,,,,,,,,,,,,,,,,,,,,,,,,,,,,,,,,,,,,,,,,,,,At risk of poverty rates before social transfers (pensions included in social transfers)
li09b,SILC,RDB,,,,,,,,,,,,,,,,,,,,,,,,,,,,,,,,,,,,,,,,,,,,,,At-risk-of-poverty rate before social transfers (pensions included in social transfers) by household type
li10,ECHP-SILC,RDB,,,,,,,,,,,,,,,,,,,,,,,,,,,,,,,,,,,,,,,,,,,,,,At-risk-of-poverty rate before social transfers (pensions excluded from social transfers) by poverty threshold
li10b,SILC,RDB,,,,,,,,,,,,,,,,,,,,,,,,,,,,,,,,,,,,,,,,,,,,,,At-risk-of-poverty rate before social transfers (pensions excluded from social transfers) by household type
li11,ECHP-SILC,RDB,,,,,,,,,,,,,,,,,,,,,,,,,,,,,,,,,,,,,,,,,,,,,,Relative at risk of poverty gaps
li20,ECHP,,,,,,,,,,,,,,,,,,,,,,,,,,,,,,,,,,,,,,,,,,,,,,,At-risk-of-poverty rate anchored at a point in time by sex and age - ECHP survey
li21,ECHP-SILC,LDB,,,,,,,,,,,,,,,,,,,,,,,,,,,,,,,,,,,,,,,,,,,,,,Persistent at risk of poverty rate
li22,SILC,RDB,,,,,,,,,,,,,,,,,,,,,,,,,,,,,,,,,,,,,,,,,,,,,,At-risk-of-poverty rate anchored at a fixed moment in time (2005) by age and gender
li22b,SILC,RDB,,,,,,,,,,,,,,,,,,,,,,,,,,,,,,,,,,,,,,,,,,,,,,At-risk-of-poverty rate anchored at a fixed moment in time (2008) by age and gender
li23,SILC,LDB,,,,,,,,,,,,,,,,,,,,,,,,,,,,,,,,,,,,,,,,,,,,,,persistent at risk of poverty rate by HH Type
li24,SILC,LDB,,,,,,,,,,,,,,,,,,,,,,,,,,,,,,,,,,,,,,,,,,,,,,persistent at risk of poverty rate by highest isced level attained
li31,SILC,RDB,,,,,,,,,,,,,,,,,,,,,,,,,,,,,,,,,,,,,,,,,,,,,,At-risk-of-poverty rate by broad group of citizenship (population aged 18 and over)
li32,SILC,RDB,,,,,,,,,,,,,,,,,,,,,,,,,,,,,,,,,,,,,,,,,,,,,,At-risk-of-poverty rate by broad group of country of birth (population aged 18 and over)
li33,SILC,RDB2,,,,,,,,,,,,,,,,,,,,,,,,,,,,,,,,,,,,,,,,,,,,,,Child poverty by citizen of parents
li34,SILC,RDB2,,,,,,,,,,,,,,,,,,,,,,,,,,,,,,,,,,,,,,,,,,,,,,Child poverty by c_birth of parents
li41,SILC,RDB,,,,,,,,,,,,,,,,,,,,,,,,,,,,,,,,,,,,,,,,,,,,,,At-risk-of-poverty rate by broad group of country of birth (population aged 18 and over)
li43,SILC,RDB2,,,,,,,,,,,,,,,,,,,,,,,,,,,,,,,,,,,,,,,,,,,,,,At-risk-of poverty rate by degree of urbanization
li45,SILC,RDB,,,,,,,,,,,,,,,,,,,,,,,,,,,,,,,,,,,,,,,,,,,,,,At-risk-of-poverty rate after deducting housing costs by age and sex
li48,SILC,RDB,,,,,,,,,,,,,,,,,,,,,,,,,,,,,,,,,,,,,,,,,,,,,,At-risk-of-poverty rate after deducting housing costs by degree of urbanisation
li51,SILC,LDB,,,,,,,,,,,,,,,,,,,,,,,,,,,,,,,,,,,,,,,,,,,,,,Frequency poverty rate in 4 years
li60,SILC,RDB,,,,,,,,,,,,,,,,,,,,,,,,,,,,,,,,,,,,,,,,,,,,,,children At-risk-poverty-rate by age and by maximum level of education of mother or father
li97,not used,RDB2,,,,,,,,,,,,,,,,,,,,,,,,,,,,,,,,,,,,,,,,,,,,,,At risk of poverty rate-Gap between children and total
lk11,ECHP,,,,,,,,,,,,,,,,,,,,,,,,,,,,,,,,,,,,,,,,,,,,,,,Self defined health status by income level by sex and age - ECHP survey
lvhl01,SILC,RDB2,,,,,,,,,,,,,,,,,,,,,,,,,,,,,,,,,,,,,,,,,,,,,,Distribution of population aged 18 and over by health status
lvhl02,SILC,RDB2,,,,,,,,,,,,,,,,,,,,,,,,,,,,,,,,,,,,,,,,,,,,,,Distribution of population over 18 years by most frequent activity status
lvhl03,SILC,RDB2,,,,,,,,,,,,,,,,,,,,,,,,,,,,,,,,,,,,,,,,,,,,,,Distribution of population aged 18 and over by occupation
lvhl04,SILC,RDB2,,,,,,,,,,,,,,,,,,,,,,,,,,,,,,,,,,,,,,,,,,,,,,Distribution of population aged 18 and over by part-time or full-time employment
lvhl11,SILC,RDB,,,,,,,,,,,,,,,,,,,,,,,,,,,,,,,,,,,,,,,,,,,,,,People living in households with very low work intensity by age and gender (population aged 0 to 59 years)
lvhl12,SILC,RDB,,,,,,,,,,,,,,,,,,,,,,,,,,,,,,,,,,,,,,,,,,,,,,People living in households with very low work intensity by most frequent activity status (population aged 18 t
lvhl13,SILC,RDB,,,,,,,,,,,,,,,,,,,,,,,,,,,,,,,,,,,,,,,,,,,,,,People living in households with very low work intensity by income quintile and household type (population aged
lvhl14,SILC,RDB,,,,,,,,,,,,,,,,,,,,,,,,,,,,,,,,,,,,,,,,,,,,,,People living in households with very low work intensity by education level (population aged 18 to 59 years)
lvhl15,SILC,RDB,,,,,,,,,,,,,,,,,,,,,,,,,,,,,,,,,,,,,,,,,,,,,,People living in households with very low work intensity by broad group of citizenship (population aged 18 to 5
lvhl16,SILC,RDB,,,,,,,,,,,,,,,,,,,,,,,,,,,,,,,,,,,,,,,,,,,,,,People living in households with very low work intensity by broad group of country of birth (population aged 18
lvhl17,SILC,RDB,,,,,,,,,,,,,,,,,,,,,,,,,,,,,,,,,,,,,,,,,,,,,,People living in households with very low work intensity by tenure status (population aged 18 to 59 years)
lvhl21,SILC,RDB,,,,,,,,,,,,,,,,,,,,,,,,,,,,,,,,,,,,,,,,,,,,,,People living in households with very low work intensity by NUTS region (population aged 0 to 59 years)
lvhl23,SILC,RDB2,,,,,,,,,,,,,,,,,,,,,,,,,,,,,,,,,,,,,,,,,,,,,,People living in households with very low work intensity by degree of urbanisation
lvhl30,SILC,LDB,,,,,,,,,,,,,,,,,,,,,,,,,,,,,,,,,,,,,,,,,,,,,,Labour transition by employment status
lvhl32,SILC,LDB,,,,,,,,,,,,,,,,,,,,,,,,,,,,,,,,,,,,,,,,,,,,,,Labour transition by type of contract
lvhl33,SILC,LDB,,,,,,,,,,,,,,,,,,,,,,,,,,,,,,,,,,,,,,,,,,,,,,Labour transition by sex and   pay level
lvhl34,SILC,LDB,,,,,,,,,,,,,,,,,,,,,,,,,,,,,,,,,,,,,,,,,,,,,,Labour transitions by employment status and pay level - Changes in qualifications
lvhl35,SILC,LDB,,,,,,,,,,,,,,,,,,,,,,,,,,,,,,,,,,,,,,,,,,,,,,Transitions of income within one year by decile
lvhl60,SILC,RDB,,,,,,,,,,,,,,,,,,,,,,,,,,,,,,,,,,,,,,,,,,,,,,children At-risk-poverty-rate by low work intensity
lvhl97,SILC,RDB2,,,,,,,,,,,,,,,,,,,,,,,,,,,,,,,,,,,,,,,,,,,,,,People leaving in households with very low work intensity-Gap between childern and total population
lvho01,SILC,RDB2,,,,,,,,,,,,,,,,,,,,,,,,,,,,,,,,,,,,,,,,,,,,,,Distribution of population by degree of urbanisation
lvho02,SILC,RDB2,,,,,,,,,,,,,,,,,,,,,,,,,,,,,,,,,,,,,,,,,,,,,,Distribution of population by tenure status
lvho03,SILC,RDB2,,,,,,,,,,,,,,,,,,,,,,,,,,,,,,,,,,,,,,,,,,,,,,Average number of rooms per person by tenure status and dwelling type from 2003 (Source: SILC)
lvho03h,ECHP,,,,,,,,,,,,,,,,,,,,,,,,,,,,,,,,,,,,,,,,,,,,,,,Average number of rooms per person by tenure status and dwelling type until 2001 - ECHP survey
lvho04,SILC,RDB2,,,,,,,,,,,,,,,,,,,,,,,,,,,,,,,,,,,,,,,,,,,,,,Average number of rooms per person by type of household and income group from 2003 (Source: SILC)
lvho04d,SILC,RDB2,,,,,,,,,,,,,,,,,,,,,,,,,,,,,,,,,,,,,,,,,,,,,,Average number of rooms per person degree of urbanization from 2003 (Source: SILC)
lvho04h,ECHP,,,,,,,,,,,,,,,,,,,,,,,,,,,,,,,,,,,,,,,,,,,,,,,Average number of rooms per person by type of household and income group until 2001 - ECHP survey
lvho04n,SILC,RDB2,,,,,,,,,,,,,,,,,,,,,,,,,,,,,,,,,,,,,,,,,,,,,,Average number of rooms per person by NUTs Level from 2003 (Source: SILC)
lvho05a,SILC,RDB,,,,,,,,,,,,,,,,,,,,,,,,,,,,,,,,,,,,,,,,,,,,,,"Overcrowding rate by age, sex and poverty status - total population"
lvho05b,SILC,RDB,,,,,,,,,,,,,,,,,,,,,,,,,,,,,,,,,,,,,,,,,,,,,,Overcrowding rate by household type - total population
lvho05b,SILC,RDB,,,,,,,,,,,,,,,,,,,,,,,,,,,,,,,,,,,,,,,,,,,,,,Share of people living in under-occupied dwellings by household type and income quintile - total population
lvho05c,SILC,RDB,,,,,,,,,,,,,,,,,,,,,,,,,,,,,,,,,,,,,,,,,,,,,,Overcrowding rate by tenure status - total population
lvho05d,SILC,RDB,,,,,,,,,,,,,,,,,,,,,,,,,,,,,,,,,,,,,,,,,,,,,,Overcrowding rate by degree of urbanisation - total population
lvho05q,SILC,RDB,,,,,,,,,,,,,,,,,,,,,,,,,,,,,,,,,,,,,,,,,,,,,,Overcrowding rate by income quintile -  total population
lvho06,SILC,RDB,,,,,,,,,,,,,,,,,,,,,,,,,,,,,,,,,,,,,,,,,,,,,,"Overcrowding rate by age, sex and poverty status"
lvho06q,SILC,RDB,,,,,,,,,,,,,,,,,,,,,,,,,,,,,,,,,,,,,,,,,,,,,,Overcrowding rate by income quintile -  population without single-person households
lvho07a,SILC,RDB,,,,,,,,,,,,,,,,,,,,,,,,,,,,,,,,,,,,,,,,,,,,,,"Housing cost overburden rate by age, sex and poverty status"
lvho07b,SILC,RDB,,,,,,,,,,,,,,,,,,,,,,,,,,,,,,,,,,,,,,,,,,,,,,Housing cost overburden rate by income quintile
lvho07c,SILC,RDB,,,,,,,,,,,,,,,,,,,,,,,,,,,,,,,,,,,,,,,,,,,,,,Housing cost overburden rate by tenure status
lvho07d,SILC,RDB,,,,,,,,,,,,,,,,,,,,,,,,,,,,,,,,,,,,,,,,,,,,,,Housing cost overburden rate by degree of urbanisation
lvho07e,SILC,RDB,,,,,,,,,,,,,,,,,,,,,,,,,,,,,,,,,,,,,,,,,,,,,,Housing cost overburden rate by household type
lvho08a,SILC,RDB,,,,,,,,,,,,,,,,,,,,,,,,,,,,,,,,,,,,,,,,,,,,,,"Median of the housing cost burden distribution by age, sex and poverty status"
lvho08b,SILC,RDB,,,,,,,,,,,,,,,,,,,,,,,,,,,,,,,,,,,,,,,,,,,,,,Median of the housing cost burden distribution by degree of urbanisation
lvho15,SILC,RDB,,,,,,,,,,,,,,,,,,,,,,,,,,,,,,,,,,,,,,,,,,,,,,Overcrowding rate by age gender and citizen
lvho16,SILC,RDB,,,,,,,,,,,,,,,,,,,,,,,,,,,,,,,,,,,,,,,,,,,,,,Overcrowding rate by age gender and c_birth
lvho25,SILC,RDB,,,,,,,,,,,,,,,,,,,,,,,,,,,,,,,,,,,,,,,,,,,,,,Housing cost burden - by age sex and citizen
lvho26,SILC,RDB,,,,,,,,,,,,,,,,,,,,,,,,,,,,,,,,,,,,,,,,,,,,,,Housing cost burden - by age sex and c_birth
lvho27,SILC,RDB,,,,,,,,,,,,,,,,,,,,,,,,,,,,,,,,,,,,,,,,,,,,,,Distribution of population by housing cost burden and  sex
lvho28,SILC,RDB,,,,,,,,,,,,,,,,,,,,,,,,,,,,,,,,,,,,,,,,,,,,,,Distribution of population by housing cost burden and  tenure status
lvho29,SILC,RDB,,,,,,,,,,,,,,,,,,,,,,,,,,,,,,,,,,,,,,,,,,,,,,Distribution of population by housing cost burden and  degree of urbanisation
lvho30,SILC,RDB,,,,,,,,,,,,,,,,,,,,,,,,,,,,,,,,,,,,,,,,,,,,,,Distribution of population by housing cost burden and  household type
lvho50a,SILC,RDB,,,,,,,,,,,,,,,,,,,,,,,,,,,,,,,,,,,,,,,,,,,,,,"Share of people living in under-occupied dwellings by age, sex and poverty status - total population"
lvho50c,SILC,RDB,,,,,,,,,,,,,,,,,,,,,,,,,,,,,,,,,,,,,,,,,,,,,,Share of people living in under-occupied dwellings by tenure status - Total population
lvho50d,SILC,RDB,,,,,,,,,,,,,,,,,,,,,,,,,,,,,,,,,,,,,,,,,,,,,,Share of people living in under-occupied dwellings by degree of urbanisation - Total population
lvph01,SILC,RDB2,,,,,,,,,,,,,,,,,,,,,,,,,,,,,,,,,,,,,,,,,,,,,,Average household size (Source: SILC)
lvph02,SILC,RDB2,,,,,,,,,,,,,,,,,,,,,,,,,,,,,,,,,,,,,,,,,,,,,,Distribution of households by household type from 2003 onwards - EU-SILC survey
lvph02h,ECHP,,,,,,,,,,,,,,,,,,,,,,,,,,,,,,,,,,,,,,,,,,,,,,,Distribution of households by household type until 2001 - ECHP survey
lvph03,SILC,RDB2,,,,,,,,,,,,,,,,,,,,,,,,,,,,,,,,,,,,,,,,,,,,,,Distribution of households by household size (Source: SILC)
lvph04,SILC,RDB2,,,,,,,,,,,,,,,,,,,,,,,,,,,,,,,,,,,,,,,,,,,,,,Distribution of households by household type and income level - EU-SILC survey
lvph05,SILC,RDB2,,,,,,,,,,,,,,,,,,,,,,,,,,,,,,,,,,,,,,,,,,,,,,Distribution of households with children by number of children - EU-SILC survey
lvps01,SILC,RDB2,,,,,,,,,,,,,,,,,,,,,,,,,,,,,,,,,,,,,,,,,,,,,,Distribution of population by gender and age (Source: SILC)
lvps02,SILC,RDB2,,,,,,,,,,,,,,,,,,,,,,,,,,,,,,,,,,,,,,,,,,,,,,Distribution of population by household type and income group (Source: SILC)
lvps03,SILC,RDB2,,,,,,,,,,,,,,,,,,,,,,,,,,,,,,,,,,,,,,,,,,,,,,Distribution of population by work intensity of the household (Source: SILC)
lvps04,SILC,RDB2,,,,,,,,,,,,,,,,,,,,,,,,,,,,,,,,,,,,,,,,,,,,,,Distribution of population aged 18 and over by education level and age group (Source: SILC)
lvps08,SILC,RDB2,,,,,,,,,,,,,,,,,,,,,,,,,,,,,,,,,,,,,,,,,,,,,,Share of young adults aged 18-34 living with their parents by age and sex - EU-SILC survey
lvps09,SILC,RDB2,,,,,,,,,,,,,,,,,,,,,,,,,,,,,,,,,,,,,,,,,,,,,,Share of young adults aged 18-34 living with their parents by self-defined current economic status
lvps10,SILC,RDB2,,,,,,,,,,,,,,,,,,,,,,,,,,,,,,,,,,,,,,,,,,,,,,Share of young adults aged 18-34 living with their parents by type of contract
lvps15,SILC,RDB2,,,,,,,,,,,,,,,,,,,,,,,,,,,,,,,,,,,,,,,,,,,,,,Distribution of population aged 18 and over by citizen and tenure status sex and age
lvps16,SILC,RDB2,,,,,,,,,,,,,,,,,,,,,,,,,,,,,,,,,,,,,,,,,,,,,,Distribution of population aged 18 and over by c_birth and tenure status sex and age
lvps20,SILC,RDB2,,,,,,,,,,,,,,,,,,,,,,,,,,,,,,,,,,,,,,,,,,,,,,Share of children (aged less than 18) living with their parents by type of household
lvps25,SILC,RDB2,,,,,,,,,,,,,,,,,,,,,,,,,,,,,,,,,,,,,,,,,,,,,,Distribution of children(aged less than 18) by highest education level of their parents and income group
lvps30,SILC,RDB2,,,,,,,,,,,,,,,,,,,,,,,,,,,,,,,,,,,,,,,,,,,,,,Distribution of population aged 65 and over by type of household (Source: EU-SILC);
mddd01,SILC,RDB2,,,,,,,,,,,,,,,,,,,,,,,,,,,,,,,,,,,,,,,,,,,,,,Material deprivation for the 'Economic strain' dimension
mddd02,SILC,RDB2,,,,,,,,,,,,,,,,,,,,,,,,,,,,,,,,,,,,,,,,,,,,,,Material deprivation for the 'Durables' dimension
mddd03,SILC,RDB2,,,,,,,,,,,,,,,,,,,,,,,,,,,,,,,,,,,,,,,,,,,,,,Material deprivation for the 'Economic strain' and 'Durables' dimensions
mddd04a,SILC,RDB2,,,,,,,,,,,,,,,,,,,,,,,,,,,,,,,,,,,,,,,,,,,,,,Material deprivation for the 'Housing' dimension by household type
mddd04b,SILC,RDB2,,,,,,,,,,,,,,,,,,,,,,,,,,,,,,,,,,,,,,,,,,,,,,Material deprivation for the 'Housing' dimension
mddd05,SILC,RDB2,,,,,,,,,,,,,,,,,,,,,,,,,,,,,,,,,,,,,,,,,,,,,,Material deprivation for the 'Environment' dimension
mddd11,SILC,RDB,,,,,,,,,,,,,,,,,,,,,,,,,,,,,,,,,,,,,,,,,,,,,,Severe material deprivation rate by age and genderÿ
mddd12,SILC,RDB,,,,,,,,,,,,,,,,,,,,,,,,,,,,,,,,,,,,,,,,,,,,,,Severe material deprivation rate by most frequent activity status (population aged 18 and over)
mddd13,SILC,RDB,,,,,,,,,,,,,,,,,,,,,,,,,,,,,,,,,,,,,,,,,,,,,,Severe material deprivation rate by income quintile and household type
mddd14,SILC,RDB,,,,,,,,,,,,,,,,,,,,,,,,,,,,,,,,,,,,,,,,,,,,,,Severe material deprivation rate by education level (population aged 18 and over
mddd15,SILC,RDB,,,,,,,,,,,,,,,,,,,,,,,,,,,,,,,,,,,,,,,,,,,,,,Severe material deprivation rate by broad group of citizenship  (population aged 18 and over)
mddd16,SILC,RDB,,,,,,,,,,,,,,,,,,,,,,,,,,,,,,,,,,,,,,,,,,,,,,Severe material deprivation rate by broad group of country of birth (population aged 18 and over)
mddd17,SILC,RDB,,,,,,,,,,,,,,,,,,,,,,,,,,,,,,,,,,,,,,,,,,,,,,Severe material deprivation rate by tenure status
mddd21,SILC,RDB,,,,,,,,,,,,,,,,,,,,,,,,,,,,,,,,,,,,,,,,,,,,,,Severe material deprivation rate by NUTS region
mddd23,SILC,RDB2,,,,,,,,,,,,,,,,,,,,,,,,,,,,,,,,,,,,,,,,,,,,,,Severe material deprivation rate by degree of urbanization
mddd60,SILC,RDB,,,,,,,,,,,,,,,,,,,,,,,,,,,,,,,,,,,,,,,,,,,,,,children At-risk-poverty-rate by Severe deprivation
mddd97,SILC,RDB2,,,,,,,,,,,,,,,,,,,,,,,,,,,,,,,,,,,,,,,,,,,,,,Several material deprivation rate-Gap between childern and total population
mddu01,SILC,RDB2,,,,,,,,,,,,,,,,,,,,,,,,,,,,,,,,,,,,,,,,,,,,,,Enforced lack of a telephone (Source: SILC)
mddu02,SILC,RDB2,,,,,,,,,,,,,,,,,,,,,,,,,,,,,,,,,,,,,,,,,,,,,,Enforced lack of a colour TV (Source: SILC)
mddu03,SILC,RDB2,,,,,,,,,,,,,,,,,,,,,,,,,,,,,,,,,,,,,,,,,,,,,,Enforced lack of a computer (Source: SILC)
mddu04,SILC,RDB2,,,,,,,,,,,,,,,,,,,,,,,,,,,,,,,,,,,,,,,,,,,,,,Enforced lack of a washing machine (Source: SILC)
mddu05,SILC,RDB2,,,,,,,,,,,,,,,,,,,,,,,,,,,,,,,,,,,,,,,,,,,,,,Enforced lack of a personal car (Source: SILC)
mddu06a,SILC,RDB2,,,,,,,,,,,,,,,,,,,,,,,,,,,,,,,,,,,,,,,,,,,,,,"Persons who cannot afford to replace worn-out clothes by some new (not second-hand) ones by age, sex and income group"
mddu06b,SILC,RDB2,,,,,,,,,,,,,,,,,,,,,,,,,,,,,,,,,,,,,,,,,,,,,,Persons who cannot afford to replace worn-out clothes by some new (not second-hand) ones by employment status and income quintile
mddu07a,SILC,RDB2,,,,,,,,,,,,,,,,,,,,,,,,,,,,,,,,,,,,,,,,,,,,,,"Persons who cannot afford internet connection for personal use at home by age, sex and income group"
mddu07b,SILC,RDB2,,,,,,,,,,,,,,,,,,,,,,,,,,,,,,,,,,,,,,,,,,,,,,Persons who cannot afford internet connection for personal use at home by employment status and income quintile
mddw01,SILC,RDB2,,,,,,,,,,,,,,,,,,,,,,,,,,,,,,,,,,,,,,,,,,,,,,Noise from neighbours of from the street (Source: SILC)
mddw02,SILC,RDB2,,,,,,,,,,,,,,,,,,,,,,,,,,,,,,,,,,,,,,,,,,,,,,"Pollution, grime or other environmental problems "
mddw03,SILC,RDB2,,,,,,,,,,,,,,,,,,,,,,,,,,,,,,,,,,,,,,,,,,,,,,"Crime, violence or vandalism in the area "
mddw04,SILC,RDB2,,,,,,,,,,,,,,,,,,,,,,,,,,,,,,,,,,,,,,,,,,,,,,Noise from neighbours of from the street by degree of urbanisation
mddw05,SILC,RDB2,,,,,,,,,,,,,,,,,,,,,,,,,,,,,,,,,,,,,,,,,,,,,,"Pollution, grime or other environmental problems by degree of urbanisation"
mddw06,SILC,RDB2,,,,,,,,,,,,,,,,,,,,,,,,,,,,,,,,,,,,,,,,,,,,,,"Crime, violence or vandalism in the area by degree of urbanisation"
mded01,SILC,RDB2,,,,,,,,,,,,,,,,,,,,,,,,,,,,,,,,,,,,,,,,,,,,,,Share of housing costs in disposable household income
mded02,SILC,RDB2,,,,,,,,,,,,,,,,,,,,,,,,,,,,,,,,,,,,,,,,,,,,,,Share of rent related to occupied dwelling in disposable household income
mded03,SILC,RDB2,,,,,,,,,,,,,,,,,,,,,,,,,,,,,,,,,,,,,,,,,,,,,,Total housing costs in pps (Source: SILC)
mded04,SILC,RDB2,,,,,,,,,,,,,,,,,,,,,,,,,,,,,,,,,,,,,,,,,,,,,,Financial burden of the total housing cost (Source: SILC)
mded05,SILC,RDB2,,,,,,,,,,,,,,,,,,,,,,,,,,,,,,,,,,,,,,,,,,,,,,Financial burden of the repayment of debts from hire purchases or loans (Source: SILC)
mdes01,SILC,RDB2,,,,,,,,,,,,,,,,,,,,,,,,,,,,,,,,,,,,,,,,,,,,,,Ability to keep home adequately warm (Source: SILC)
mdes02,SILC,RDB2,,,,,,,,,,,,,,,,,,,,,,,,,,,,,,,,,,,,,,,,,,,,,,Capacity to afford paying for one week annual holiday away from home (Source: SILC)
mdes03,SILC,RDB2,,,,,,,,,,,,,,,,,,,,,,,,,,,,,,,,,,,,,,,,,,,,,,Capacity to afford a meal with meat
mdes04,SILC,RDB2,,,,,,,,,,,,,,,,,,,,,,,,,,,,,,,,,,,,,,,,,,,,,,Capacity fo face unexpected financial expenses (Source: SILC)
mdes05,SILC,RDB2,,,,,,,,,,,,,,,,,,,,,,,,,,,,,,,,,,,,,,,,,,,,,,"""Arrears (mortgage or rent"
mdes05h,ECHP,,,,,,,,,,,,,,,,,,,,,,,,,,,,,,,,,,,,,,,,,,,,,,,"Arrears (mortgage or rent, utility bills or hire purchase) until 2001 - ECHP survey"
mdes06,SILC,RDB2,,,,,,,,,,,,,,,,,,,,,,,,,,,,,,,,,,,,,,,,,,,,,,Arrears on mortgage or rent payments (Source: SILC)
mdes07,SILC,RDB2,,,,,,,,,,,,,,,,,,,,,,,,,,,,,,,,,,,,,,,,,,,,,,Arrears on utility bills (Source: SILC)
mdes08,SILC,RDB2,,,,,,,,,,,,,,,,,,,,,,,,,,,,,,,,,,,,,,,,,,,,,,Arrears on hire purchase instalments or other loan payments (Source: SILC)
mdes09,SILC,RDB2,,,,,,,,,,,,,,,,,,,,,,,,,,,,,,,,,,,,,,,,,,,,,,Ability to make ends meet (Source: SILC)
mdes10a,SILC,RDB2,,,,,,,,,,,,,,,,,,,,,,,,,,,,,,,,,,,,,,,,,,,,,,"Persons who cannot afford to get-together with friends or family (relatives) for a drink or meal at least once a month by age, sex and income group"
mdes10b,SILC,RDB2,,,,,,,,,,,,,,,,,,,,,,,,,,,,,,,,,,,,,,,,,,,,,,Persons who cannot afford to get-together with friends or family (relatives) for a drink or meal at least once a month by employment status and income quintile
mdes11a,SILC,RDB2,,,,,,,,,,,,,,,,,,,,,,,,,,,,,,,,,,,,,,,,,,,,,,"Persons who cannot afford to regularly participate in a leisure activity by age, sex and income group"
mdes11b,SILC,RDB2,,,,,,,,,,,,,,,,,,,,,,,,,,,,,,,,,,,,,,,,,,,,,,Persons who cannot afford to regularly participate in a leisure activity by employment status and income quintile
mdes12a,SILC,RDB2,,,,,,,,,,,,,,,,,,,,,,,,,,,,,,,,,,,,,,,,,,,,,,"Persons who cannot afford to spend a small amount of money each week on themselves by age, sex and income group"
mdes12b,SILC,RDB2,,,,,,,,,,,,,,,,,,,,,,,,,,,,,,,,,,,,,,,,,,,,,,Persons who cannot afford to spend a small amount of money each week on themselves by employment status and income quintile
mdes13a,SILC,RDB2,,,,,,,,,,,,,,,,,,,,,,,,,,,,,,,,,,,,,,,,,,,,,,"Persons who cannot afford a regular use of public transport by age, sex and income group "
mdes13b,SILC,RDB2,,,,,,,,,,,,,,,,,,,,,,,,,,,,,,,,,,,,,,,,,,,,,,Persons who cannot afford a regular use of public transport by employment status and income quintile
mdho01,SILC,RDB2,,,,,,,,,,,,,,,,,,,,,,,,,,,,,,,,,,,,,,,,,,,,,,Leaking roof
mdho01c,SILC,RDB2,,,,,,,,,,,,,,,,,,,,,,,,,,,,,,,,,,,,,,,,,,,,,,Children leaking roof
mdho02,SILC,RDB2,,,,,,,,,,,,,,,,,,,,,,,,,,,,,,,,,,,,,,,,,,,,,,Lack of bath and shower in dwelling (Source: SILC)
mdho02c,SILC,RDB2,,,,,,,,,,,,,,,,,,,,,,,,,,,,,,,,,,,,,,,,,,,,,,Children lack of bath and shower in dwelling (Source: SILC)
mdho03,SILC,RDB2,,,,,,,,,,,,,,,,,,,,,,,,,,,,,,,,,,,,,,,,,,,,,,Lack of indoor flushing toilet for sole use of household (Source: SILC)
mdho03c,SILC,RDB2,,,,,,,,,,,,,,,,,,,,,,,,,,,,,,,,,,,,,,,,,,,,,,Children lack of indoor flushing toilet for sole use of household (Source: SILC)
mdho04,SILC,RDB2,,,,,,,,,,,,,,,,,,,,,,,,,,,,,,,,,,,,,,,,,,,,,,Dwelling too dark (Source: SILC)
mdho04,SILC,RDB2,,,,,,,,,,,,,,,,,,,,,,,,,,,,,,,,,,,,,,,,,,,,,,Children dwelling too dark (Source: SILC)
mdho05,SILC,RDB,,,,,,,,,,,,,,,,,,,,,,,,,,,,,,,,,,,,,,,,,,,,,,Share of total population having neither a bath
mdho06a,SILC,RDB,,,,,,,,,,,,,,,,,,,,,,,,,,,,,,,,,,,,,,,,,,,,,,"Severe housing deprivation rate by age, sex and poverty status"
mdho06b,SILC,RDB,,,,,,,,,,,,,,,,,,,,,,,,,,,,,,,,,,,,,,,,,,,,,,Severe housing deprivation rate by household type
mdho06c,SILC,RDB,,,,,,,,,,,,,,,,,,,,,,,,,,,,,,,,,,,,,,,,,,,,,,Severe housing deprivation rate by  tenure status
mdho06d,SILC,RDB,,,,,,,,,,,,,,,,,,,,,,,,,,,,,,,,,,,,,,,,,,,,,,Severe housing deprivation rate by degree of urbanisation
mdho06q,SILC,RDB,,,,,,,,,,,,,,,,,,,,,,,,,,,,,,,,,,,,,,,,,,,,,,Severe housing deprivation rate by income quintile
mdho07,SILC,RDB2,,,,,,,,,,,,,,,,,,,,,,,,,,,,,,,,,,,,,,,,,,,,,,Persons who cannot afford to replace worn-out furniture by income group and type of household
ov9b1,SILC,RDB,,,,,,,,,,,,,,,,,,,,,,,,,,,,,,,,,,,,,,,,,,,,,,"SIP8 Material deprivation rate for the 'Economic strain' and 'Durables' dimensions, by number of item of deprivation "
ov9b2,SILC,RDB,,,,,,,,,,,,,,,,,,,,,,,,,,,,,,,,,,,,,,,,,,,,,,SIS4 Mean number of deprivation items among the deprived - Economic strain and durables dimension 
pees01,SILC,RDB,,,,,,,,,,,,,,,,,,,,,,,,,,,,,,,,,,,,,,,,,,,,,,Intersections of Europe 2020 Poverty Target Indicators by age and gender
pees02,SILC,RDB,,,,,,,,,,,,,,,,,,,,,,,,,,,,,,,,,,,,,,,,,,,,,,Intersections of Europe 2020 Poverty Target Indicators by most frequent activity status (population aged 18 and
pees03,SILC,RDB,,,,,,,,,,,,,,,,,,,,,,,,,,,,,,,,,,,,,,,,,,,,,,Intersections of Europe 2020 Poverty Target Indicators by income quintile
pees04,SILC,RDB,,,,,,,,,,,,,,,,,,,,,,,,,,,,,,,,,,,,,,,,,,,,,,Intersections of Europe 2020 Poverty Target Indicators by type of household
pees05,SILC,RDB,,,,,,,,,,,,,,,,,,,,,,,,,,,,,,,,,,,,,,,,,,,,,,Intersections of Europe 2020 Poverty Target Indicators by education level (population aged 18 and over)
pees06,SILC,RDB,,,,,,,,,,,,,,,,,,,,,,,,,,,,,,,,,,,,,,,,,,,,,,Intersections of Europe 2020 Poverty Target Indicators by broad group of citizenship (population aged 18 and ov
pees07,SILC,RDB,,,,,,,,,,,,,,,,,,,,,,,,,,,,,,,,,,,,,,,,,,,,,,Intersections of Europe 2020 Poverty Target Indicators by broad group of country of birth (population aged 18 a
pees08,SILC,RDB,,,,,,,,,,,,,,,,,,,,,,,,,,,,,,,,,,,,,,,,,,,,,,Intersections of Europe 2020 Poverty Target Indicators by tenure status
peps01,SILC,RDB,,,,,,,,,,,,,,,,,,,,,,,,,,,,,,,,,,,,,,,,,,,,,,People at risk of poverty or social exclusion by age and gender
peps02,SILC,RDB,,,,,,,,,,,,,,,,,,,,,,,,,,,,,,,,,,,,,,,,,,,,,,People at risk of poverty or social exclusion by most frequent activity status (population aged 18 and over)
peps03,SILC,RDB,,,,,,,,,,,,,,,,,,,,,,,,,,,,,,,,,,,,,,,,,,,,,,People at risk of poverty or social exclusion by income quintile and household type
peps04,SILC,RDB,,,,,,,,,,,,,,,,,,,,,,,,,,,,,,,,,,,,,,,,,,,,,,People at risk of poverty or social exclusion by education level (population aged 18 and over)
peps05,SILC,RDB,,,,,,,,,,,,,,,,,,,,,,,,,,,,,,,,,,,,,,,,,,,,,,People at risk of poverty or social exclusion by broad group of citizenship (population aged 18 and over)
peps06,SILC,RDB,,,,,,,,,,,,,,,,,,,,,,,,,,,,,,,,,,,,,,,,,,,,,,People at risk of poverty or social exclusion by broad group of country of birth (population aged 18 and over)
peps07,SILC,RDB,,,,,,,,,,,,,,,,,,,,,,,,,,,,,,,,,,,,,,,,,,,,,,People at risk of poverty or social exclusion by tenure status
peps11,SILC,RDB,,,,,,,,,,,,,,,,,,,,,,,,,,,,,,,,,,,,,,,,,,,,,,People at risk of poverty or social exclusion by NUTS region
peps13,SILC,RDB2,,,,,,,,,,,,,,,,,,,,,,,,,,,,,,,,,,,,,,,,,,,,,,People living at risk of poverty or exclusion by degree of urbanization
peps60,SILC,RDB,,,,,,,,,,,,,,,,,,,,,,,,,,,,,,,,,,,,,,,,,,,,,,children At-risk-poverty-rate by age and education level of maximum level of education of mother or father
peps97,SILC,RDB2,,,,,,,,,,,,,,,,,,,,,,,,,,,,,,,,,,,,,,,,,,,,,,Population at risk of poverty or social exclusion-Gap between children and total population
pnp1,ECHP-SILC,not found,,,,,,,,,,,,,,,,,,,,,,,,,,,,,,,,,,,,,,,,,,,,,,At-risk-of-poverty rate of older people by sex and selected age groups - EU-SILC survey
pnp10,SILC,RDB,,,,,,,,,,,,,,,,,,,,,,,,,,,,,,,,,,,,,,,,,,,,,,Gender differences in the relative median income ratio
pnp11,SILC,RDB,,,,,,,,,,,,,,,,,,,,,,,,,,,,,,,,,,,,,,,,,,,,,,Gender differences in the aggregate replacement ratio
pnp2,ECHP-SILC,RDB,,,,,,,,,,,,,,,,,,,,,,,,,,,,,,,,,,,,,,,,,,,,,,Relative median income ratio
pnp3,SILC,RDB,,,,,,,,,,,,,,,,,,,,,,,,,,,,,,,,,,,,,,,,,,,,,,Aggregate replacement ratio
pnp9,SILC,RDB,,,,,,,,,,,,,,,,,,,,,,,,,,,,,,,,,,,,,,,,,,,,,,Gender differences in  the at-risk-of-poverty rate
pns1,ECHP-SILC,not found,,,,,,,,,,,,,,,,,,,,,,,,,,,,,,,,,,,,,,,,,,,,,,"At-risk-of-poverty rate of older people, by age and sex - EU-SILC survey"
pns4,ECHP-SILC,not found,,,,,,,,,,,,,,,,,,,,,,,,,,,,,,,,,,,,,,,,,,,,,,Inequality of income distribution S80/S20 income quintile share ratio - EU-SILC survey 
pns5,ECHP-SILC,not found,,,,,,,,,,,,,,,,,,,,,,,,,,,,,,,,,,,,,,,,,,,,,,Relative median at-risk-of-poverty gap of elderly people - EU-SILC survey
pns6,ECHP-SILC,not found,,,,,,,,,,,,,,,,,,,,,,,,,,,,,,,,,,,,,,,,,,,,,,At-risk-of-poverty rate for pensioners - EU-SILC survey 
pns7,ECHP-SILC,not found,,,,,,,,,,,,,,,,,,,,,,,,,,,,,,,,,,,,,,,,,,,,,,At-risk-of-poverty rate of older people by tenure status - EU-SILC survey 
pns8,ECHP-SILC,not found,,,,,,,,,,,,,,,,,,,,,,,,,,,,,,,,,,,,,,,,,,,,,,Dispersion around the at-risk-of-poverty threshold by sex and selected age groups - EU-SILC survey 
pns11,SILC,RDB,,,,,,,,,,,,,,,,,,,,,,,,,,,,,,,,,,,,,,,,,,,,,,Gender differences in  the realative income median ratio
pns2,SILC,RDB,,,,,,,,,,,,,,,,,,,,,,,,,,,,,,,,,,,,,,,,,,,,,,relative median income ratio
pw01,SILC,RDB2,,,,,,,,,,,,,,,,,,,,,,,,,,,,,,,,,,,,,,,,,,,,,,Average rating of satisfaction by domain
pw02,SILC,RDB2,,,,,,,,,,,,,,,,,,,,,,,,,,,,,,,,,,,,,,,,,,,,,,Average rating of satisfaction by domain
pw03,SILC,RDB2,,,,,,,,,,,,,,,,,,,,,,,,,,,,,,,,,,,,,,,,,,,,,,Average rating of trust  by domain
pw04,SILC,RDB2,,,,,,,,,,,,,,,,,,,,,,,,,,,,,,,,,,,,,,,,,,,,,,Average rating of trust  by domain
pw05,SILC,RDB2,,,,,,,,,,,,,,,,,,,,,,,,,,,,,,,,,,,,,,,,,,,,,,Percentage of the population rating their satisfaction  as high
pw06,SILC,RDB2,,,,,,,,,,,,,,,,,,,,,,,,,,,,,,,,,,,,,,,,,,,,,,Frequency of having someone to rely on in case of need by age
pw07,SILC,RDB2,,,,,,,,,,,,,,,,,,,,,,,,,,,,,,,,,,,,,,,,,,,,,,Frequency of having someone to rely on in case of need by income  quintile
pw08,SILC,RDB2,,,,,,,,,,,,,,,,,,,,,,,,,,,,,,,,,,,,,,,,,,,,,,Frequency of being happy in the last 4 weeks by age
pw09,SILC,RDB2,,,,,,,,,,,,,,,,,,,,,,,,,,,,,,,,,,,,,,,,,,,,,,Frequency of being happy in the last 4 weeks by quintile
